-- phpMyAdmin SQL Dump
-- version 5.1.1
-- https://www.phpmyadmin.net/
--
-- Host: 127.0.0.1
-- Generation Time: Jan 12, 2024 at 03:30 PM
-- Server version: 10.4.22-MariaDB
-- PHP Version: 7.4.27

SET SQL_MODE = "NO_AUTO_VALUE_ON_ZERO";
START TRANSACTION;
SET time_zone = "+00:00";


/*!40101 SET @OLD_CHARACTER_SET_CLIENT=@@CHARACTER_SET_CLIENT */;
/*!40101 SET @OLD_CHARACTER_SET_RESULTS=@@CHARACTER_SET_RESULTS */;
/*!40101 SET @OLD_COLLATION_CONNECTION=@@COLLATION_CONNECTION */;
/*!40101 SET NAMES utf8mb4 */;

--
-- Database: `eis_db2`
--

--
-- Dumping data for table `account_type`
--

INSERT INTO `account_type` (`acc_type_id`, `acc_type_name`) VALUES
(1, 'Super Administrator'),
(2, 'Administrator'),
(3, 'Employee');

--
-- Dumping data for table `invoice_type`
--

INSERT INTO `invoice_type` (`inv_type_id`, `inv_type_name`) VALUES
(1, 'Walk-in'),
(2, 'Project-based');

--
-- Dumping data for table `product_brand`
--

INSERT INTO `product_brand` (`prod_br_id`, `prod_br_name`) VALUES
(1, 'SHURE'),
(2, 'SUPERLUX'),
(3, 'MI PRO'),
(4, 'PROSTAX'),
(5, 'SENNHEISER'),
(6, 'KEVLER'),
(7, 'FROGIS'),
(8, 'MACARDEN MC'),
(9, 'EPSON'),
(10, 'SONY'),
(11, 'YAMAHA'),
(12, 'SOUND CRAFT'),
(13, 'DBX'),
(14, 'MACKIE'),
(15, 'K GEAR');

--
-- Dumping data for table `product_type`
--

INSERT INTO `product_type` (`prod_type_id`, `prod_type_name`) VALUES
(1, 'MICROPHONE'),
(2, 'PROJECTOR'),
(3, 'MIXER');

--
-- Dumping data for table `product`
--

INSERT INTO `product` (`prod_id`, `prod_desc`, `prod_price`, `prod_created_at`, `prod_updated_at`, `prod_type_id`, `prod_br_id`, `prod_status`, `prod_remarks`) VALUES
(1, 'SM 58-LC', 7800, '2024-01-12 00:43:20.390963', '2024-01-12 22:18:25.963865', 1, 1, 'Active', ''),
(2, 'PGA 48-LC', 2300, '2024-01-12 00:44:19.717158', '2024-01-12 22:18:42.028242', 1, 1, 'Active', ''),
(3, 'PGA 58-LC', 3300, '2024-01-12 00:44:45.099028', '2024-01-12 22:18:56.203454', 1, 1, 'Active', ''),
(4, 'PGA 48-XLR', 2500, '2024-01-12 00:44:56.189645', '2024-01-12 22:19:13.152994', 1, 1, 'Active', ''),
(5, 'PGA 58-XLR', 3580, '2024-01-12 00:45:02.628510', '2024-01-12 22:19:26.449552', 1, 1, 'Active', ''),
(6, 'PGA 58-QTR', 3580, '2024-01-12 00:45:09.409539', '2024-01-12 22:19:38.636200', 1, 1, 'Active', ''),
(7, 'CVG18DS-B/C-X', 12600, '2024-01-12 00:45:16.307620', '2024-01-12 22:19:56.521471', 1, 1, 'Active', ''),
(8, 'SVX288TW/PG 58-G17', 32000, '2024-01-12 00:45:24.659736', '2024-01-12 22:20:11.387908', 1, 1, 'Active', ''),
(9, 'SVX24TW/PG 58-G17', 17300, '2024-01-12 00:45:30.339965', '2024-01-12 22:20:24.996994', 1, 1, 'Active', ''),
(10, 'CENTRAVERSE  INSTALLED SOUND MIC', 6500, '2024-01-12 00:45:36.564835', '2024-01-12 22:20:42.077348', 1, 1, 'Active', ''),
(11, 'BLX14A/CVL-K3E', 22500, '2024-01-12 00:45:45.422094', '2024-01-12 22:20:56.600025', 1, 1, 'Active', ''),
(12, 'PRA 518 GOOSNECKMIC', 3627, '2024-01-12 00:46:16.966562', '2024-01-12 22:21:06.950516', 1, 2, 'Active', ''),
(13, 'PS518 GOOSNECK DOCK', 4053, '2024-01-12 00:46:24.384751', '2024-01-12 22:21:18.172802', 1, 2, 'Active', ''),
(14, 'E308/PRA52 CEILING MOUNT MIC', 4200, '2024-01-12 00:46:30.155372', '2024-01-12 22:21:25.551267', 1, 2, 'Active', ''),
(15, 'MR 818', 12000, '2024-01-12 00:46:50.141762', '2024-01-12 22:21:37.608429', 1, 3, 'Active', ''),
(16, 'ACT-311B', 20000, '2024-01-12 00:46:55.899874', '2024-01-12 22:21:47.356378', 1, 3, 'Active', ''),
(17, 'ACT-52B', 26000, '2024-01-12 00:47:01.211442', '2024-01-12 22:21:58.711429', 1, 3, 'Active', ''),
(18, 'MU-55HN', 7600, '2024-01-12 00:47:07.771585', '2024-01-12 22:22:08.526948', 1, 3, 'Active', ''),
(19, 'UD-830I ', 18499, '2024-01-12 00:48:07.688571', '2024-01-12 22:22:21.737977', 1, 4, 'Active', ''),
(20, 'CON880B', 8960, '2024-01-12 00:48:16.002013', '2024-01-12 22:22:33.534933', 1, 4, 'Active', ''),
(21, 'CON880A', 7830, '2024-01-12 00:48:22.284969', '2024-01-12 22:22:46.024481', 1, 4, 'Active', ''),
(22, 'XSW I-825 DUAL HANDHELD', 51000, '2024-01-12 00:48:35.379781', '2024-01-12 22:22:56.271199', 1, 5, 'Active', ''),
(23, 'XSW12', 27490, '2024-01-12 00:48:40.561885', '2024-01-12 22:23:08.122278', 1, 5, 'Active', ''),
(24, 'FREPORT VOCAL SET', 15900, '2024-01-12 00:48:45.753998', '2024-01-12 22:23:17.673104', 1, 5, 'Active', ''),
(25, 'E835', 8600, '2024-01-12 00:48:51.784175', '2024-01-12 22:23:26.585219', 1, 5, 'Active', ''),
(26, 'RCM-77', 5565, '2024-01-12 00:48:59.540739', '2024-01-12 22:23:43.560311', 1, 6, 'Active', ''),
(27, 'DM-950', 2999.25, '2024-01-12 00:49:06.553968', '2024-01-12 22:24:21.263484', 1, 6, 'Active', ''),
(28, 'FI.VOX 2', 1, '2024-01-12 00:50:30.453265', '2024-01-12 00:50:30.453265', 1, 7, 'Active', NULL),
(29, 'MC-3000', 3676, '2024-01-12 00:50:44.692208', '2024-01-12 22:24:39.385161', 1, 8, 'Active', ''),
(30, 'EB-2155W', 79490, '2024-01-12 00:51:48.996022', '2024-01-12 22:24:58.424861', 2, 9, 'Active', ''),
(31, 'EB-2065', 77290, '2024-01-12 00:51:55.083441', '2024-01-12 22:25:11.943320', 2, 9, 'Active', ''),
(32, 'EB-FH52', 45790, '2024-01-12 00:52:00.117854', '2024-01-12 22:25:28.771379', 2, 9, 'Active', ''),
(33, 'EB-X51', 27895, '2024-01-12 00:52:05.088530', '2024-01-12 22:25:41.204382', 2, 9, 'Active', ''),
(34, 'SW636C ', 94880.65, '2024-01-12 00:52:16.967644', '2024-01-12 22:25:55.776953', 2, 10, 'Active', ''),
(35, 'EW578', 112297.12, '2024-01-12 00:52:24.705904', '2024-01-12 22:26:19.063493', 2, 10, 'Active', ''),
(36, 'MG12X', 22000, '2024-01-12 00:53:10.596202', '2024-01-12 22:26:31.950872', 3, 11, 'Active', ''),
(37, 'MG12XU', 26900, '2024-01-12 00:53:16.008153', '2024-01-12 22:26:39.407840', 3, 11, 'Active', ''),
(38, 'MG16XU', 34900, '2024-01-12 00:53:22.727823', '2024-01-12 22:26:48.202127', 3, 11, 'Active', ''),
(39, 'NOTEPAD 12FX', 16000, '2024-01-12 00:53:44.562621', '2024-01-12 22:26:58.173421', 3, 12, 'Active', ''),
(40, 'NOTEPAD 8FX', 14667, '2024-01-12 00:53:51.823788', '2024-01-12 22:27:07.246788', 3, 12, 'Active', ''),
(41, '231S EQ', 13500, '2024-01-12 00:54:06.047200', '2024-01-12 22:27:18.758006', 3, 13, 'Active', ''),
(42, '2231', 4999, '2024-01-12 00:54:12.672356', '2024-01-12 22:27:33.722220', 3, 13, 'Active', ''),
(43, '223XS CROSSOVER', 11733, '2024-01-12 00:54:18.503771', '2024-01-12 22:27:43.142893', 3, 13, 'Active', ''),
(44, 'DL 16S', 78000, '2024-01-12 00:54:29.168004', '2024-01-12 22:27:54.051259', 3, 14, 'Active', ''),
(45, 'GS6', 12228.85, '2024-01-12 00:54:40.474698', '2024-01-12 22:28:06.683996', 3, 15, 'Active', ''),
(46, 'GF22', 10218.63, '2024-01-12 00:54:45.251352', '2024-01-12 22:28:23.263366', 3, 15, 'Active', ''),
(47, 'GA201', 15466.99, '2024-01-12 00:54:50.621954', '2024-01-12 22:28:33.542338', 3, 15, 'Active', '');

--
-- Dumping data for table `inventory`
--

INSERT INTO `inventory` (`in_id`, `in_qty`, `in_status`, `in_created_at`, `in_updated_at`, `prod_id`) VALUES
(1, 5, 'Available', '2024-01-12 01:00:49.776129', '2024-01-12 01:00:49.776129', 1),
(2, 12, 'Available', '2024-01-12 01:00:49.776129', '2024-01-12 01:00:49.776129', 2),
(3, 2, 'Available', '2024-01-12 01:01:56.821513', '2024-01-12 01:01:56.821513', 3),
(4, 5, 'Available', '2024-01-12 01:02:03.666228', '2024-01-12 01:02:03.666228', 4),
(5, 2, 'Available', '2024-01-12 01:02:12.487563', '2024-01-12 01:02:12.487563', 5),
(6, 0, 'Out of Stock', '2024-01-12 01:03:45.674993', '2024-01-12 01:03:45.674993', 6),
(7, 10, 'Available', '2024-01-12 01:09:32.375079', '2024-01-12 01:09:32.375079', 7),
(8, 2, 'Available', '2024-01-12 01:09:41.075411', '2024-01-12 01:09:41.075411', 8),
(9, 1, 'Available', '2024-01-12 01:09:47.861577', '2024-01-12 01:09:47.861577', 9),
(10, 0, 'Out of Stock', '2024-01-12 01:10:35.020386', '2024-01-12 01:10:35.020386', 10),
(11, 0, 'Out of Stock', '2024-01-12 01:11:11.136829', '2024-01-12 01:11:11.136829', 11),
(12, 1, 'Available', '2024-01-12 01:11:36.774537', '2024-01-12 01:11:36.774537', 12),
(13, 4, 'Available', '2024-01-12 01:11:55.380394', '2024-01-12 01:11:55.380394', 13),
(14, 2, 'Available', '2024-01-12 01:11:58.905987', '2024-01-12 01:11:58.905987', 14),
(15, 1, 'Available', '2024-01-12 01:12:05.531640', '2024-01-12 01:12:05.531640', 15),
(16, 1, 'Available', '2024-01-12 01:12:11.893672', '2024-01-12 01:12:11.893672', 16),
(17, 2, 'Available', '2024-01-12 01:12:15.062302', '2024-01-12 01:12:15.062302', 17),
(18, 3, 'Available', '2024-01-12 01:12:18.534694', '2024-01-12 01:12:18.534694', 18),
(19, 7, 'Available', '2024-01-12 01:12:29.035401', '2024-01-12 01:12:29.035401', 19),
(20, 1, 'Available', '2024-01-12 01:12:31.459964', '2024-01-12 01:12:31.459964', 20),
(21, 1, 'Available', '2024-01-12 01:12:33.246836', '2024-01-12 01:12:33.246836', 21),
(22, 0, 'Out of Stock', '2024-01-12 01:12:52.396377', '2024-01-12 01:12:52.396377', 22),
(23, 1, 'Available', '2024-01-12 01:13:12.060949', '2024-01-12 01:13:12.061929', 23),
(24, 3, 'Available', '2024-01-12 01:13:21.671481', '2024-01-12 01:13:21.671481', 24),
(25, 8, 'Available', '2024-01-12 01:13:25.426307', '2024-01-12 01:13:25.426307', 25),
(26, 2, 'Available', '2024-01-12 01:13:34.513756', '2024-01-12 01:13:34.513756', 26),
(27, 5, 'Available', '2024-01-12 01:13:38.604728', '2024-01-12 01:13:38.604728', 27),
(28, 0, 'Out of Stock', '2024-01-12 01:13:46.220810', '2024-01-12 01:13:46.220810', 28),
(29, 1, 'Available', '2024-01-12 01:14:07.214830', '2024-01-12 01:14:07.214830', 29),
(30, 1, 'Available', '2024-01-12 01:14:23.235802', '2024-01-12 01:14:23.235802', 30),
(31, 0, 'Out of Stock', '2024-01-12 01:14:26.676747', '2024-01-12 01:14:26.676747', 31),
(32, 1, 'Available', '2024-01-12 01:14:30.709089', '2024-01-12 01:14:30.709089', 32),
(33, 5, 'Available', '2024-01-12 01:14:34.577746', '2024-01-12 01:14:34.577746', 33),
(34, 1, 'Available', '2024-01-12 01:14:38.326513', '2024-01-12 01:14:38.326513', 34),
(35, 1, 'Available', '2024-01-12 01:14:40.350228', '2024-01-12 01:14:40.350228', 35),
(36, 3, 'Available', '2024-01-12 01:14:43.692090', '2024-01-12 01:14:43.692090', 36),
(37, 7, 'Available', '2024-01-12 01:14:46.780402', '2024-01-12 01:14:46.780402', 37),
(38, 6, 'Available', '2024-01-12 01:14:50.227840', '2024-01-12 01:14:50.227840', 38),
(39, 8, 'Available', '2024-01-12 01:14:52.821171', '2024-01-12 01:14:52.821171', 39),
(40, 1, 'Available', '2024-01-12 01:16:14.220789', '2024-01-12 01:16:14.220789', 40),
(41, 8, 'Available', '2024-01-12 01:16:18.081772', '2024-01-12 01:16:18.081772', 41),
(42, 1, 'Available', '2024-01-12 01:16:23.034968', '2024-01-12 01:16:23.034968', 42),
(43, 1, 'Available', '2024-01-12 01:16:26.296375', '2024-01-12 01:16:26.296375', 43),
(44, 2, 'Available', '2024-01-12 01:17:14.810300', '2024-01-12 01:17:14.810300', 44),
(45, 1, 'Available', '2024-01-12 01:17:20.382378', '2024-01-12 01:17:20.382378', 45),
(46, 2, 'Available', '2024-01-12 01:17:22.609983', '2024-01-12 01:17:22.609983', 46),
(47, 2, 'Available', '2024-01-12 01:17:24.197392', '2024-01-12 01:17:24.197392', 47);

--
-- Dumping data for table `supplier`
--

INSERT INTO `supplier` (`sup_id`, `sup_name`, `sup_phone`, `sup_address`, `sup_created_at`, `sup_updated_at`, `sup_status`, `sup_city`) VALUES
(1, 'VERSATCH INTERNATIONAL INC.', NULL, '5TH FLR., ALVA BUSINESS CENTER, 259 C. RAYMUNDO AVENUE, MAYBUNGA 1607, CITY OF PASIG, NCR, SECOND DISTRICT, PHILS.', '2024-01-12 00:32:57.164331', '2024-01-12 00:32:57.164331', 'Active', NULL),
(2, 'JB MUSIC/OVERSEAS TRADING', NULL, 'AX2119 SM CITY LAGUNDI, 2021 MEXICO, PAMPANGA, PHILS.', '2024-01-12 00:33:18.388540', '2024-01-12 00:33:18.388540', 'Active', NULL),
(3, 'LYRIC PIANO & ORGAN CORP.', NULL, '184 DR. ALEJOS STREET PAANG BUNDOK LALOMA 1114 QUEZON CITY, NCR, SECOND DISTRICT, PHILS.', '2024-01-12 00:33:35.405671', '2024-01-12 00:33:35.405671', 'Active', NULL),
(4, 'FORERUNNER TECHNOLOGIES, INC.', NULL, '#11 CONGRESSIONAL AVE., EXT. CULIAT QUEZON CITY', '2024-01-12 00:33:44.768039', '2024-01-12 00:33:44.768039', 'Active', NULL),
(5, 'WESTCO ELECTRICAL & EQUIPMENT CORP.', NULL, '8F, 68 KALAYAAN VCP BLDG., 68 KALAYAAN AVENUE TEACHER\'S VILLAGE WEST, QUEZON CITY', '2024-01-12 00:33:58.587867', '2024-01-12 00:33:58.587867', 'Active', NULL),
(6, 'BRIDE DISTRIBUTION INC.', NULL, 'PD BLDG., 265 E. RODRIGUEZ SR. AVE., 1112 QUEZON CITY, METRO MANILA', '2024-01-12 00:34:48.674248', '2024-01-12 00:34:48.674248', 'Active', NULL),
(7, 'DAI-ICHI ELECTRONICS MFG.CORP', NULL, '160 F. MARIANO AVE., DELA PAZ, PASIG CITY', '2024-01-12 00:34:58.113782', '2024-01-12 00:34:58.113782', 'Active', NULL),
(8, 'BASSHEAD AUDIO & VIDEO EQUIPMENT TRADING', NULL, 'MEIM BLDG., #11 G. ARANETA AVE., BRGY. SANTOL, QUEZON CITY', '2024-01-12 00:35:13.451135', '2024-01-12 00:35:13.451135', 'Active', NULL),
(9, '888 HYE ENTERPRISES CORP.', NULL, '2ND FLOOR, HYE BLDG. 292 AVE. A DEL ROSARIO AV., GUIZO, MANDAUE CITY', '2024-01-12 00:35:20.694471', '2024-01-12 00:35:20.694471', 'Active', NULL),
(10, 'JT STARLINE', NULL, '24 S. VELOSO, SALAPAN SAN JUAN, 1500 CITY OF SAN JUAN NCR, SECOND DISTRICT PHILS.', '2024-01-12 00:35:31.588706', '2024-01-12 00:35:31.588706', 'Active', NULL);
COMMIT;

/*!40101 SET CHARACTER_SET_CLIENT=@OLD_CHARACTER_SET_CLIENT */;
/*!40101 SET CHARACTER_SET_RESULTS=@OLD_CHARACTER_SET_RESULTS */;
/*!40101 SET COLLATION_CONNECTION=@OLD_COLLATION_CONNECTION */;
